pathway_id	description	pvalue	bonferroni	n_cd_genes	n_bg_genes	gene_ratio	level_1	level_2	cd_genes	bg_genes
R-HSA-195258	RHO GTPase Effectors	3.004e-25	3.007e-22	40	311	0.13	Signal Transduction	Signaling by Rho GTPases, Miro GTPases and RHOBTB3	ABI1;NDC80;BAIAP2;MYL12A;CENPF;CFTR;YWHAQ;KIF2C;CTNNB1;DIAPH1;ABL1;SFN;H2AFX;H3F3B;BIRC5;MYH9;NCF4;EVL;GOPC;ACTB;S100A8;S100A9;HIST2H3D;BUB1;TUBB2A;WAS;FMNL1;YWHAB;YWHAH;YWHAZ;TUBA1A;YWHAE;YWHAG;HIST1H3B;HIST1H4C;IQGAP1;CDC20;RAC1;CDC42;CDH1	ABI1;APITD1-CORT;CENPS-CORT;PMF1-BGLAP;ARPC5;ARPC4;ARPC3;ARPC1B;ACTR3;ACTR2;ARPC2;ABI2;WASF2;H2BFS;TUBA1B;TUBB3;TUBB4A;TUBB4B;MYL12B;MYL9;NDC80;BAIAP2;NCOA2;ARPC1A;CENPA;CENPC;CENPE;MYL12A;CENPF;NUDC;NCKAP1;IQGAP2;CFTR;WASF3;NOXA1;YWHAQ;KIF2C;CIT;ZWINT;PMF1;TUBA3E;TUBA3D;FMNL2;RHPN1;HIST4H4;NOXO1;HIST2H3C;IQGAP3;HIST3H2BB;DYNLL2;MAPK14;WIPF2;KLC3;SPC24;CTNNA1;CTNNB1;SGOL2;SGO2;SGOL1;SGO1;CYBA;CYBB;DIAPH1;DIAPH2;DLG4;DYNC1H1;DYNC1I1;DYNC1I2;DYNC1LI2;DVL1;DVL2;DVL3;SKA1;MAPRE1;DAAM1;KDM1A;;KDM4C;CLASP2;FLNA;CYFIP1;NUP160;CLASP1;SRGAP2;ITGB3BP;RHOQ;CENPI;ABL1;HIST1H2BA;AHCTF1;NSL1;CYFIP2;NOX1;SFN;SCAI;PKN3;RHOD;HIST1H2AE;HIST1H2AD;H2AFX;H2AFZ;HIST1H2BD;HIST1H2BB;H3F3A;H3F3B;NCKAP1L;PIK3R4;TAX1BP3;BIRC5;HIST2H3A;TUBB8;TUBB2B;SKA2;NUP43;KLK3;INCENP;AR;ITGB1;APITD1;CENPS;KIF2A;KIF5A;KIF5B;KLK2;KLC1;RHOA;RHOB;RHOC;KTN1;RHOG;LIMK1;CENPP;MAD2L1;MEN1;MYH9;MYH10;MYH11;MYL6;MYLK;PPP1R12A;PPP1R12B;NCF2;NCF4;NCK1;H2AFB1;NF2;NUP98;PAFAH1B1;NOX3;PAK1;PAK2;PAK3;DYNC1LI1;EVL;NCKIPSD;PDPK1;TUBA8;PFN1;PFN2;PIK3C3;PIN1;PLK1;NDE1;ERCC6L;SPDL1;PPP1CB;PPP1CC;ZWILCH;CDCA8;CENPQ;PPP2R5A;PPP2R5B;PPP2R5C;PPP2R5D;PPP2R5E;HIST2H4B;NUP133;H2AFJ;PRKCA;PRKCB;PRKCD;CENPN;BRK1;PKN1;PKN2;PRKCZ;RCC2;MAPK11;CASC5;KNL1;GOPC;NUP107;SPC25;PTK2;TAOK1;MKL1;RAC1;RAC2;RANBP2;RANGAP1;ACTB;ROCK1;RPS27;RPS27L;RTKN;CLIP1;S100A8;S100A9;SEC13;CENPK;LIN7B;WIPF3;KLC2;CENPH;NCF1;HIST2H3D;SRF;BTK;BUB1;BUB1B;ACTG1;HIST2H2AA4;TUBA4A;TUBA3C;TUBB2A;WAS;WIPF1;XPO1;FMNL1;YWHAB;YWHAE;YWHAG;YWHAH;YWHAZ;TUBA1A;MIS12;CENPM;NUP37;CENPO;CENPU;MYH14;TUBAL3;NUP85;DSN1;CENPT;B9D2;TUBB1;NDEL1;DIAPH3;SEH1L;KIF18A;HIST1H4I;HIST1H2AJ;HIST1H2AC;HIST1H2AB;HIST2H2AA3;HIST2H2AC;HIST1H2BG;HIST1H2BL;HIST1H2BN;HIST1H2BM;HIST1H2BF;HIST1H2BE;HIST1H2BH;HIST1H2BI;HIST1H2BC;HIST1H2BO;HIST2H2BE;HIST1H3A;HIST1H3D;HIST1H3C;HIST1H3E;HIST1H3I;NUF2;HIST1H3G;HIST1H3J;HIST1H3H;HIST1H3B;HIST1H4A;HIST1H4D;HIST1H4F;HIST1H4K;HIST1H4J;HIST1H4C;HIST1H4H;HIST1H4B;HIST1H4E;HIST1H4L;HIST2H4A;MAD1L1;TUBB6;KIF2B;TUBA1C;HIST1H2BK;RHPN2;DYNLL1;IQGAP1;WASF1;HIST1H3F;HIST1H2BJ;WASL;KLC4;PRC1;FMNL3;CENPL;ZW10;BUB3;AURKB;H2AFV;PPP1R14A;ROCK2;KNTC1;CKAP5;CDC20;KIF14;CDC25C;CDC42;CDH1
R-HSA-6798695	Neutrophil degranulation	7.496e-25	7.502999999999999e-22	54	463	0.12	Immune System	Innate Immune System	VAT1;CEACAM3;RAB10;SIRPA;CST3;CTSD;DIAPH1;EEF1A1;SERPINB1;FGR;CD93;UBR4;FPR1;ALOX5;XRCC6;QPCT;GSN;HBB;HEXB;HSP90AA1;HSP90AB1;CXCR1;CXCR2;ITGAM;ITGAX;ARG1;LGALS3;NFKB1;PA2G4;SERPINA1;PKM;PLAUR;PLD1;TOLLIP;PPBP;PRTN3;PSEN1;QSOX1;PTPN6;PYGL;RAC1;S100A8;S100A9;MMP25;SLC11A1;SPTAN1;TLR2;C3;C5AR1;TTR;VCL;VCP;DOK3;IQGAP1	A1BG;SIGLEC14;TMED7-TICAM2;TOM1;HUWE1;ARPC5;ACTR2;ADAM8;ACTR1B;ATP6AP2;ADAM10;LILRB3;TCIRG1;CRISP3;SIRPB1;TUBB4B;PRG3;ATP8A1;PPIE;CAP1;VAT1;ATG7;PRDX4;AGPAT2;OLFM4;CCT2;NPC2;CCT8;CTSC;IQGAP2;LILRB3;CEACAM3;HPSE;PGRMC1;FGL2;CEACAM8;RAB10;CKAP4;SLC27A2;GLIPR1;LILRA3;RAB31;CHI3L1;CHIT1;PADI2;CD300A;TMC6;PDAP1;CHRNB4;STK11IP;LRG1;;SERPINA3;SLC15A4;CANT1;OSCAR;CNN2;ARL8A;COPB1;CR1;HGSNAT;SIRPA;MAPK14;CSNK2B;CST3;CSTB;NFAM1;CTSB;CTSD;CTSG;CTSH;CTSS;CTSZ;CYBA;CYBB;ABCA13;MOSPD2;CLEC12A;CD55;AP2A2;DDOST;DDX3X;DEFA1B;DEFA1;DEFA3;DEFA4;CFD;CLEC4C;CYB5R3;DIAPH1;AGA;DNASE1L1;DYNC1H1;AGL;DOCK2;DSC1;DSG1;DSP;EEF1A1;EEF2;ANO6;AHSG;ELANE;SERPINB1;MCEMP1;UNC13D;TUBB;STOM;ALAD;FABP5;FCAR;FCER1G;ALDH3B1;FCGR2A;FCGR3B;FCN1;ADGRG3;ALDOA;AC093512.2;FGR;ENPP4;CD93;RAB18;ALDOC;ERP44;NFASC;CYFIP1;FAF2;ATP11B;NBEAL2;ATP11A;DNAJC13;UBR4;NCSTN;COTL1;COMMD3;FOLR3;HMHA1;ARHGAP45;FPR1;FPR2;HEBP2;CLEC5A;ALOX5;FRK;FTH1;FTL;FUCA1;FUCA2;XRCC6;GAA;QPCT;BRI3;GCA;SVIP;METTL7A;ARMC8;GALNS;AOC1;OSTF1;GDI2;B4GALT1;GLA;SIGLEC9;AMPD3;GLB1;GM2A;GNS;GPI;LAMTOR2;GRN;DBNL;ANPEP;COMMD9;PYCARD;CXCL1;GSN;GSTP1;GUSB;GYG1;DPP7;ACAA1;ANXA2;HBB;NCKAP1L;HEXB;HK3;HLA-B;HLA-C;HMGB1;HMOX2;APAF1;HP;RAB37;APEH;HSPA1A;HSPA1B;HSPA6;HSPA8;HSP90AA1;HSP90AB1;CLEC4D;TMEM173;IDH1;IGF2R;APRT;SLCO4C1;TICAM2;CXCR1;CXCR2;ILF2;IMPDH1;IMPDH2;ITGAL;ITGAM;ITGAV;ITGAX;ITGB2;JUP;TMEM179B;TBC1D10C;ARG1;KPNB1;KRT1;RHOA;C6orf120;NHLRC3;HRNR;FLG2;LAIR1;RHOG;LAMP1;LAMP2;LCN2;LGALS3;RAB44;LRMP;LTA4H;LTF;LYZ;ARSA;ARSB;MAN2B1;MANBA;MGST1;ASAH1;MIF;MME;MMP8;MMP9;MNDA;MPO;TARM1;CEACAM6;ACLY;NDUFC2;NEU1;NFKB1;NME2;PNP;OLR1;ORM1;ORM2;P2RX1;PA2G4;PAFAH1B2;DERA;GOLGA7;DYNC1LI1;RAB9B;PLAC8;ATP6V1D;BIN2;RAB14;YPEL5;CAB39;PECAM1;CALML5;CECR1;ADA2;CFP;PFKL;PGAM1;PGM1;SERPINA1;SERPINB6;ATP6V0C;SERPINB10;PIGR;PKM;PKP1;PLAU;PLAUR;PLD1;ATP6V0A1;GPR84;RAB4B;RAB24;TOLLIP;RHOF;PPBP;CTSA;PPIA;CMTM6;ACPP;LAMTOR1;PGM2;CPPED1;PRCP;PRG2;TMEM30A;PRKCD;CAND1;ACTR10;DNAJC3;PRSS2;PRSS3;PRTN3;AZU1;PSAP;PSEN1;B2M;RETN;KCMF1;NIT2;C16orf62;VPS35L;CD177;SLC44A2;PTAFR;LRRC7;QSOX1;PTPN6;RAP2C;PTPRB;PTPRC;PTPRJ;PTPRN2;PTX3;PYGB;PYGL;TRAPPC1;RAB3A;RAB5B;RAB6A;RAB27A;RAB5C;RAC1;RAP1A;RAP1B;RAP2B;RNASE2;RNASE3;ROCK1;S100A7;S100A8;S100A9;S100A11;S100A12;S100P;SERPINB3;CEACAM1;SDCBP;SELL;TMBIM1;ARHGAP9;MMP25;SLC2A3;SLC2A5;NME1-NME2;SLC11A1;SLPI;SNAP25;SPTAN1;BPI;SRP14;STK10;BST1;SURF4;BST2;TCN1;DYNLT1;TIMP2;TLR2;TNFAIP6;TNFRSF1B;C3;C3AR1;TRPM2;TTR;C5AR1;DEFA1B;DEFA1;DEFA3;TYROBP;VCL;VCP;XRCC5;RAB7A;C1orf35;GSDMD;LPCAT1;ATP8B4;DOK3;DSN1;PTGES2;CEP290;PLEKHO2;DNAJC5;TXNDC5;TSPAN14;CAMP;CAPN1;EPX;CRISPLD2;ATAD3B;MAGT1;HVCN1;CYSTM1;FRMPD3;GHDC;ADGRE3;CAT;CRACR2A;KCNAB2;DEGS1;PDXK;CDK13;RNASET2;LAMTOR3;DYNLL1;VAMP8;DGAT1;SNAP23;SIGLEC5;CREG1;IQGAP1;GGH;VNN1;CPNE3;CPNE1;AP1M1;MGAM;SERPINB12;STBD1;PGLYRP1;SYNGR1;VAPA;CD14;NAPRT;MS4A3;SNAP29;ORMDL3;CD33;CD36;SCAMP1;GMFG;RAB3D;PRDX6;CD44;CD47;CD53;CD58;CD59;CD63;CD68;TMEM63A;ADGRE5;MLEC;CDA;IST1;MVP
R-HSA-9020702	Interleukin-1 signaling	1.173e-21	1.174e-18	17	52	0.33	Immune System	Cytokine Signaling in Immune system	APP;CHUK;IKBKB;IL1B;IL1R1;IL1RAP;IRAK1;MYD88;NFKB1;TOLLIP;RELA;NOD2;TRAF6;UBE2N;CUL1;IKBKG;RIPK2	NOD1;TAB1;IRAK3;CHUK;MAP3K8;AGER;TAB2;FBXW11;PELI3;TAB3;NKIRAS2;NKIRAS1;HMGB1;APP;IKBKB;IL1A;IL1B;IL1R1;IL1RAP;IL1RN;IRAK1;IRAK2;TMEM189-UBE2V1;MAP3K3;MYD88;NFKB1;NFKB2;NFKBIA;NFKBIB;IRAK4;TOLLIP;MAP2K6;PELI2;PELI1;RELA;S100A12;S100B;SAA1;NOD2;SKP1;MAP3K7;TRAF6;UBE2N;UBE2V1;IL1R2;TNIP2;CUL1;IKBKG;RIPK2;SQSTM1;AC008393.2;BTRC;RBX1
R-HSA-3108232	SUMO E3 ligases SUMOylate target proteins	5.159e-19	5.164e-16	27	170	0.16	Metabolism of proteins	Post-translational protein modification	STAG1;CHD3;UHRF2;PARP1;DNMT3B;EP300;NR5A1;SIN3A;NR3C1;HDAC1;HDAC2;BIRC5;NPM1;PML;PPARA;RAD21;RARA;RELA;RNF2;RXRA;TOP1;SUMO2;HIST1H4C;TP53;IKBKG;SMC3;HDAC4	COMMD3-BMI1;NR1H3;TRIM28;TOPORS;STAG1;CDKN2A;PIAS3;DDX17;CETN2;STAG2;NUP50;CHD3;NUPL2;PARK7;UHRF2;HIST4H4;NUP35;PARP1;CTBP1;DAXX;DDX5;RNF168;DNMT1;DNMT3B;PHC1;PHC2;NSMCE1;EP300;ESR1;SCMH1;SMC5;NUP205;NUP210;NUP160;SATB2;NUP188;SUZ12;NUP62;NR5A2;NR5A1;SIN3A;NSMCE2;HIPK2;NR3C1;HDAC1;HDAC2;HIC1;HNRNPC;HNRNPK;BIRC5;NUP43;INCENP;ING2;AR;MBD1;MDM2;MITF;NR3C2;NFKB2;NFKBIA;NPM1;NUP88;NUP98;EID3;PCNA;HDAC7;PIAS4;NOP58;PGR;NUP54;PML;PPARA;NSMCE4A;CDCA8;HIST2H4B;NDC1;NUP133;NSMCE3;NUP107;CBX8;MKL1;RAD21;RAD52;RANBP2;RANGAP1;RARA;ZNF350;RELA;TRIM27;RING1;RNF2;RORA;RPA1;RXRA;SAFB;SATB1;SEC13;BLM;BMI1;SUMO3;SUMO2;SP3;SP100;FOXL2;BRCA1;TDG;TFAP2C;THRA;THRB;TOP1;TOP2A;TOP2B;TP53;TP53BP1;TPR;UBE2I;SUMO1;NR1H2;VDR;VHL;WRN;XPC;XRCC4;ZNF131;PCGF2;NUP37;SMC6;NUP85;PHC3;NUP214;AAAS;SEH1L;NRIP1;SMC1A;HIST1H4I;HIST1H4A;HIST1H4D;HIST1H4F;HIST1H4K;HIST1H4J;HIST1H4C;HIST1H4H;HIST1H4B;HIST1H4E;HIST1H4L;HIST2H4A;L3MBTL2;CBX2;RAE1;IKBKG;CBX4;PIAS1;NCOA1;NR1I2;HERC2;PIAS2;MTA1;SMC3;ZBED1;AURKB;NUP155;IKBKE;MDC1;NUP93;HDAC4;NUP58;POM121;NR1H4;NUP153;CASP8AP2
R-HSA-5663202	Diseases of signal transduction	1.07e-16	1.071e-13	54	307	0.18	NA	NA	HDAC6;CDKN1A;CDC37;CHUK;CREB1;CREBBP;CTNNB1;CUX1;EP300;EGFR;ERBB2;AKT1;AKT2;FYN;FGG;FN1;SND1;GSK3A;GSK3B;HDAC2;NR4A1;HDAC1;HSP90AA1;JAK2;LCK;ARRB1;SMAD2;SMAD3;MYC;PLCG1;APBB1IP;RNF43;HDAC8;PSEN1;PTPN11;RAC1;RBP4;ACTB;SHC1;STAT1;STAT3;TCF7L2;TTR;VAV1;VCP;VCL;YWHAB;CUL1;AP3B1;IQGAP1;HDAC3;CD28;HDAC4;GAB2	AKT3;HDAC6;HDAC5;BCL2L11;MAMLD1;OPN1MW3;OPN1MW2;AKAP9;RASA4;ADAM10;CDK8;CNKSR1;CDKN1A;CDKN1B;ATG7;NRG3;FRS2;FAM114A2;OS9;PAPD7;TENT4A;CPSF6;CNTRL;FGFR1OP;CDC37;ERLIN2;CHUK;CLCN6;PIK3AP1;CREB1;CREBBP;AMER1;MIB2;CSK;CSNK1A1;RDH12;NRG4;CTBP1;CTBP2;CTNNB1;CUX1;KLB;DAB2IP;SPRED1;JAG1;HBEGF;EGF;EGFR;SPRED2;EP300;ERBB2;ERBB3;ERBB4;EREG;AKT1;AKT2;ESR1;ESR2;NAPEPLD;FGA;FGB;FGF1;FGF2;FGF3;FGF4;FGF5;FGF6;FGF7;FGF8;FGF9;FGF10;FGFR1;FGFR3;FGFR2;FGFR4;FGG;FKBP1A;RASA3;CNKSR2;TRAK1;SNW1;DKK1;FOXO1;FOXO3;MPRIP;FN1;NCSTN;HEY1;HEY2;ABCA4;MTOR;RICTOR;FYN;GAB1;EPGN;FGFR1OP2;FGF20;KAT2A;HEYL;OPN1MW;FGF22;SND1;DKK4;DKK2;ERLEC1;KSR2;DLL1;GSK3A;GSK3B;ICOS;HDAC1;HDAC2;HGF;NRG1;NR4A1;APC;HES1;HSP90AA1;RBPJ;IHH;IRS1;ITGA2B;ARAF;ITGB3;JAG2;JAK2;AREG;KIT;HES5;RHOG;LCK;SPRED3;MYO18A;LMNA;LRP6;LRP5;ARRB1;SMAD2;SMAD3;SMAD4;ARRB2;MARK3;MDM2;MET;KITLG;MAP3K11;FOXO4;MYC;NF1;NOTCH1;PEBP1;DHH;TRAT1;DERL2;APH1A;PDGFA;PDGFB;PDGFRA;HDAC7;PDGFRB;PDPK1;PHB;PIK3CB;PIK3CD;PIK3R2;PLCG1;NEURL1B;APBB1IP;DLL4;ESRP1;RNF43;AGGF1;PPP2R5A;PPP2R5B;PPP2R5C;PPP2R5D;PPP2R5E;FBXW7;MAML3;PRR5;HHAT;AGK;PSENEN;HDAC8;MAP2K1;MAP2K2;PSEN1;PSEN2;ZC3HAV1;AGTRAP;BAD;PTEN;MIB1;KIAA1549;PTPN11;RAC1;RAC2;RAF1;RAP1A;RAP1B;RASA1;RASA2;RBP1;RBP4;RDH5;ACTB;RLBP1;OPN1SW;BCR;RPS6KB2;SEL1L;STRA6;MLST8;SHC1;SHH;PORCN;RASAL3;SKP1;BRAF;STAT1;STAT3;STAT5A;STAT5B;STRN;BTC;ADAM17;TBL1X;TCF7L2;TGFA;TGFB1;TGFBR1;TGFBR2;TLN1;ACTG1;TSC2;TTR;OPN1MW2;VAV1;VCL;VCP;VWF;YWHAB;ZMYM2;FZD5;MAPKAP1;KREMEN2;TBL1XR1;HDAC11;TNKS2;FGF23;KDM7A;FXR1;CAMK2A;CAMK2B;CAMK2D;CAMK2G;AXIN1;BRAP;FZD4;FZD6;FZD8;APH1B;HDAC10;KREMEN1;CASP9;AKT1S1;RASAL1;MAML2;SYVN1;CUL1;;PIK3R3;AP3B1;TNKS;IRS2;CBL;TRIM24;FGF18;FGF17;FGF16;IQGAP1;SYNGAP1;HDAC3;KSR1;KAT2B;CCNC;WNT3A;PAPSS1;NEURL1;LRRFIP1;LRAT;CD19;KL;ZFYVE9;CD28;CD80;CD86;QKI;RASAL2;BAG4;NRG2;NCOR1;NCOR2;FAM131B;HDAC9;HDAC4;MAML1;GAB2;FGF19;RBX1
R-HSA-6811558	PI5P, PP2A and IER3 Regulate PI3K/AKT Signaling	1.587e-16	1.589e-13	15	93	0.16	Signal Transduction	Intracellular signaling by second messengers	AKT1;EGFR;ERBB2;FYN;IL1RAP;IRAK1;LCK;MYD88;RAC1;TRAF6;PTPN11;VAV1;PIP5K1B;IL1RL1;CD28	NRG3;FRS2;PIK3AP1;NRG4;KLB;HBEGF;EGF;EGFR;ERBB2;ERBB3;ERBB4;EREG;AKT1;ESR1;ESR2;FGF1;FGF2;FGF3;FGF4;FGF5;FGF6;FGF7;FGF8;FGF9;FGF10;FGFR1;FGFR3;FGFR2;FGFR4;PIP5K1C;FYN;GAB1;EPGN;FGF20;FGF22;ICOS;HGF;NRG1;IL1RAP;INS;INSR;IRAK1;IRS1;AREG;KIT;RHOG;LCK;MET;KITLG;MYD88;TRAT1;IRAK4;PDGFA;PDGFB;PDGFRA;PDGFRB;PIK3CB;PIK3CD;PIK3R2;PIP4K2A;PPP2R5A;PPP2R5B;PPP2R5C;PPP2R5D;PPP2R5E;PTPN11;RAC1;RAC2;STRN;BTC;TGFA;TRAF6;VAV1;PIP4K2C;FGF23;PIP5K1A;PIP5K1B;PIP4K2B;;PIK3R3;IRS2;FGF18;FGF17;FGF16;IER3;IL33;IL1RL1;CD19;KL;CD28;CD80;CD86;NRG2;FGF19
R-HSA-2262752	Cellular responses to stress	1.179e-14	1.18e-11	54	375	0.14	Cellular responses to stimuli	Cellular responses to stress	HDAC6;CDK2;CITED2;UBE2C;CEBPB;EHMT2;CREBBP;DCTN1;CDKN1A;E2F2;EEF1A1;EP300;AGO4;ETS1;KDM6B;SIRT1;FOS;NR3C1;GSK3B;HSP90AA1;HSP90AB1;JUN;MAP3K5;NCF4;H2AFX;H3F3B;NFKB1;RB1;RELA;RNF2;RPS6KA1;HIST2H3D;SOD2;SP1;ST13;STAT3;HSPA13;TERF1;TFDP2;TP53;TUBB2A;UBE2D2;VCP;UBE2E1;YWHAE;TUBA1A;HIST3H3;HIST1H3B;HIST1H4C;CCNA2;UBE2D1;LIMD1;BAG2;CDC27	HDAC6;DNAJB6;COMMD3-BMI1;RAD50;ACTR1A;CDK2;CDK4;CDK6;CDKN1A;CDKN1B;H2BFS;CDKN2A;DNAJA2;CDKN2B;CDKN2C;CDKN2D;CITED2;TUBA1B;TUBB3;TUBB4A;TUBB4B;ANAPC10;CEBPB;KAT5;DCTN2;TXNRD2;DCTN6;PTGES3;NUP50;HSPH1;EHMT2;PRDX3;STIP1;UBE2C;NUPL2;EGLN2;EGLN3;DCTN3;TUBA3E;TUBA3D;HSPA12B;ANAPC16;HIST4H4;WTIP;HIST2H3C;HIST3H2BB;NUP35;CREBBP;DYNLL2;CRYAB;MAPK14;CYBA;CYBB;DCTN1;DYNC1H1;DYNC1I1;DYNC1I2;DYNC1LI2;E2F1;E2F2;E2F3;PHC1;PHC2;EEF1A1;AGO3;AGO4;EP300;EPAS1;EPO;ERF;ETS1;ETS2;EZH2;HSPA4L;FKBP4;FKBP5;SCMH1;TNIK;TNRC6B;KDM6B;NUP205;NUP210;NUP160;SIRT1;CBX6;NUP188;SUZ12;CABIN1;FOS;NUP62;CDC26;MTOR;HIST1H2BA;GPX6;PRDX5;TXN2;ASF1A;ANAPC15;POT1;HSPA12A;HIGD1A;TINF2;HSPB8;AGO1;DNAJC2;TNRC6A;GPX1;GPX2;GPX3;GPX5;GPX7;NR3C1;GSK3B;GSR;GSTP1;UBN1;ANAPC2;ANAPC4;ERO1A;H1F0;HIST1H1C;HIST1H1D;HIST1H1E;HIST1H1B;HIST1H2AE;HIST1H2AD;H2AFX;H2AFZ;HIST1H2BD;HIST1H2BB;H3F3A;H3F3B;HIST1H1A;HIF1A;HMGA1;NUDT2;HSBP1;HSF1;DNAJA1;HSPA1A;HSPA1B;HSPA1L;HSPA2;HSPA4;HSPA5;HSPA6;HSPA8;HSPA9;HSP90AA1;HSP90AB1;DNAJB1;HIST2H3A;ID1;IFNB1;TUBB8;TUBB2B;NUP43;IGFBP7;IL1A;IL6;CXCL8;AR;JUN;LMNB1;ARNT;MDM2;MDM4;MAP3K5;NR3C2;MOV10;MRE11A;MRE11;NBN;NCF2;NCF4;ATM;H2AFB1;NFKB1;NUP88;NUP98;GPX8;P4HB;MINK1;NOX4;PRDX1;DYNC1LI1;DCTN4;HSPA14;FZR1;ANAPC5;ANAPC7;C11orf73;HIKESHI;ANAPC11;TUBA8;PGR;NUP54;CYCS;TERF2IP;ATR;EGLN1;HIST2H4B;DNAJA4;HIF1AN;NDC1;NUP133;H2AFJ;ACTR10;MAPK7;MAPK8;MAPK11;MAPK9;MAPK10;MAP2K3;MAP2K6;MAP2K7;NUP107;BAG1;CBX8;RPTOR;EP400;TNRC6C;CCAR2;RANBP2;RB1;RBBP4;RBBP7;RELA;RING1;RNF2;RPA1;RPA2;RPA3;RPS6KA1;RPS6KA2;RPS6KA3;SEC13;MAP2K4;MLST8;HIF3A;ANAPC1;BMI1;ACD;NCF1;HIST2H3D;SOD1;SOD2;SOD3;SP1;ST13;STAT3;HSPA13;TCEB1;ELOC;TCEB2;ELOB;PRDX2;TERF1;TERF2;TFDP1;TFDP2;TP53;TPR;HIST2H2AA4;DNAJC7;TUBA4A;TUBA3C;TUBB2A;HIRA;TXN;TXNRD1;UBE2D1;UBE2D2;UBE2D3;UBE2E1;VCP;VEGFA;VHL;YWHAE;CA9;TUBA1A;MAPKAPK3;NUP37;NOX5;EHMT1;TUBAL3;NUP85;PHC3;NUP214;AAAS;HMGA2;TUBB1;CAMK2A;CAMK2B;CAMK2D;CAMK2G;SEH1L;CAPZA1;HIST3H3;HIST1H4I;CAPZA2;CAPZB;HIST1H2AJ;HIST1H2AC;HIST1H2AB;HIST2H2AA3;HIST2H2AC;HIST1H2BG;HIST1H2BL;HIST1H2BN;HIST1H2BM;HIST1H2BF;HIST1H2BE;HIST1H2BH;HIST1H2BI;HIST1H2BC;HIST1H2BO;HIST2H2BE;HIST1H3A;HIST1H3D;HIST1H3C;HIST1H3E;HIST1H3I;HIST1H3G;HIST1H3J;HIST1H3H;HIST1H3B;HIST1H4A;HIST1H4D;HIST1H4F;HIST1H4K;HIST1H4J;HIST1H4C;HIST1H4H;HIST1H4B;HIST1H4E;HIST1H4L;HIST2H4A;AKT1S1;DCTN5;CUL2;TUBB6;CAT;CBX2;TUBA1C;RAE1;AJUBA;HIST1H2BK;CBX4;MAPKAPK5;DYNLL1;CDC23;EED;CDC16;CCNA2;CCNA1;HIST1H3F;HIST1H2BJ;CCNE1;LIMD1;CCNE2;RPS19BP1;MAPKAPK2;CAPZA3;H2AFV;MAP4K4;BAG5;BAG4;BAG3;BAG2;PRDX6;NUP155;NUP93;NUP58;POM121;CDC27;NUP153;CCS;RBX1
R-HSA-2467813	Separation of Sister Chromatids	2.173e-14	2.175e-11	16	137	0.12	Cell Cycle	Cell Cycle, Mitotic	STAG1;NDC80;CENPF;KIF2C;UBE2C;BIRC5;HDAC8;RAD21;BUB1;TUBB2A;UBE2D1;UBE2E1;TUBA1A;SMC3;CDC20;CDC27	APITD1-CORT;CENPS-CORT;PMF1-BGLAP;STAG1;TUBA1B;TUBB3;TUBB4A;TUBB4B;ANAPC10;NDC80;CENPA;CENPC;CENPE;CENPF;NUDC;STAG2;KIF2C;UBE2C;ZWINT;PMF1;TUBA3E;CDCA5;TUBA3D;ANAPC16;DYNLL2;SPC24;SGOL2;SGO2;SGOL1;SGO1;DYNC1H1;DYNC1I1;DYNC1I2;DYNC1LI2;SKA1;MAPRE1;PDS5B;WAPL;CLASP2;PDS5A;NUP160;CLASP1;ITGB3BP;CDC26;CENPI;ANAPC15;AHCTF1;NSL1;ANAPC2;ANAPC4;BIRC5;TUBB8;TUBB2B;SKA2;NUP43;INCENP;APITD1;CENPS;KIF2A;CENPP;MAD2L1;NUP98;PAFAH1B1;DYNC1LI1;ANAPC5;ANAPC7;ANAPC11;TUBA8;PLK1;NDE1;ERCC6L;SPDL1;PPP1CC;ZWILCH;CDCA8;CENPQ;PPP2R5A;PPP2R5B;PPP2R5C;PPP2R5D;PPP2R5E;NUP133;CENPN;HDAC8;RCC2;CASC5;KNL1;NUP107;SPC25;TAOK1;RAD21;RANBP2;RANGAP1;RPS27;RPS27L;CLIP1;SEC13;CENPK;ANAPC1;CENPH;BUB1;BUB1B;TUBA4A;TUBA3C;TUBB2A;UBE2D1;UBE2E1;XPO1;TUBA1A;MIS12;CENPM;NUP37;CENPO;CENPU;TUBAL3;NUP85;DSN1;CENPT;B9D2;TUBB1;NDEL1;SEH1L;KIF18A;SMC1A;NUF2;MAD1L1;TUBB6;KIF2B;TUBA1C;DYNLL1;CDC23;CDC16;SMC3;CENPL;ZW10;BUB3;AURKB;PTTG1;ESPL1;KNTC1;CKAP5;CDC20;CDC27
R-HSA-9018519	Estrogen-dependent gene expression	1.86e-13	1.862e-10	25	150	0.17	Signal Transduction	Signaling by Nuclear Receptors	CDK9;STAG1;CREBBP;CTSD;EP300;FOS;AGO4;H2AFX;H3F3B;HDAC1;HSP90AA1;HSP90AB1;JUN;JUND;MYC;POLR2F;GPAM;RAD21;HIST2H3D;SP1;TBP;HIST1H3B;HIST1H4C;RUNX1;SMC3	CDK9;H2BFS;STAG1;CARM1;NCOA2;KAT5;PTGES3;STAG2;CHD1;HIST4H4;HIST2H3C;HIST3H2BB;ATF2;CREBBP;CTSD;DDX5;AGO3;AGO4;KCTD6;EP300;ERBB4;ESR1;FKBP4;KDM1A;KDM4B;TNRC6B;KANK1;FOS;FOSB;NR5A2;HIST1H2BA;GATA3;AGO1;AGO2;TNRC6A;GTF2A1;GTF2A2;GTF2F1;GTF2F2;HIST1H2AE;HIST1H2AD;H2AFX;H2AFZ;HIST1H2BD;HIST1H2BB;H3F3A;H3F3B;HDAC1;FOXA1;PRMT1;HSP90AA1;HSP90AB1;HIST2H3A;JUN;JUND;KPNA2;MOV10;CITED1;MYB;MYC;H2AFB1;CXXC5;PGR;POLR2A;POLR2B;POLR2C;POLR2D;POLR2E;POLR2F;POLR2G;POLR2H;POLR2I;POLR2J;POLR2K;POLR2L;POU2F1;MED1;HIST2H4B;H2AFJ;GPAM;TNRC6C;RAD21;CCND1;BCL2;CXCL12;HIST2H3D;SP1;TBP;TFF1;TFF3;TGFA;TLE3;HIST2H2AA4;USF1;USF2;YY1;ZNF217;NCOA3;NRIP1;SMC1A;HIST1H4I;AXIN1;HIST1H2AJ;HIST1H2AC;HIST1H2AB;HIST2H2AA3;HIST2H2AC;HIST1H2BG;HIST1H2BL;HIST1H2BN;HIST1H2BM;HIST1H2BF;HIST1H2BE;HIST1H2BH;HIST1H2BI;HIST1H2BC;HIST1H2BO;HIST2H2BE;HIST1H3A;HIST1H3D;HIST1H3C;HIST1H3E;HIST1H3I;HIST1H3G;HIST1H3J;HIST1H3H;HIST1H3B;HIST1H4A;HIST1H4D;HIST1H4F;HIST1H4K;HIST1H4J;HIST1H4C;HIST1H4H;HIST1H4B;HIST1H4E;HIST1H4L;HIST2H4A;HIST1H2BK;RUNX1;NCOA1;CBFB;KAT2B;HIST1H3F;HIST1H2BJ;CCNT1;SMC3;EBAG9;H2AFV;GREB1
R-HSA-2559583	Cellular Senescence	2.296e-13	2.298e-10	32	189	0.17	Cellular responses to stimuli	Cellular responses to stress	CEBPB;EHMT2;UBE2C;CDK2;CDKN1A;ETS1;E2F2;AGO4;MAP3K5;KDM6B;FOS;JUN;NFKB1;RB1;RNF2;RELA;RPS6KA1;SP1;H3F3B;HIST2H3D;STAT3;TERF1;TFDP2;TP53;UBE2D1;UBE2E1;HIST3H3;H2AFX;HIST1H3B;HIST1H4C;CCNA2;CDC27	COMMD3-BMI1;RAD50;CDK2;CDK4;CDK6;CDKN1A;CDKN1B;H2BFS;CDKN2A;CDKN2B;CDKN2C;CDKN2D;ANAPC10;CEBPB;KAT5;EHMT2;UBE2C;ANAPC16;HIST4H4;HIST2H3C;HIST3H2BB;MAPK14;E2F1;E2F2;E2F3;PHC1;PHC2;AGO3;AGO4;ERF;ETS1;ETS2;EZH2;SCMH1;TNIK;TNRC6B;KDM6B;CBX6;SUZ12;CABIN1;FOS;CDC26;HIST1H2BA;ASF1A;ANAPC15;POT1;TINF2;AGO1;TNRC6A;UBN1;ANAPC2;ANAPC4;H1F0;HIST1H1C;HIST1H1D;HIST1H1E;HIST1H1B;HIST1H2AE;HIST1H2AD;H2AFX;H2AFZ;HIST1H2BD;HIST1H2BB;H3F3A;H3F3B;HIST1H1A;HMGA1;HIST2H3A;ID1;IFNB1;IGFBP7;IL1A;IL6;CXCL8;JUN;LMNB1;MDM2;MDM4;MAP3K5;MOV10;MRE11A;MRE11;NBN;ATM;H2AFB1;NFKB1;MINK1;FZR1;ANAPC5;ANAPC7;ANAPC11;TERF2IP;HIST2H4B;H2AFJ;MAPK7;MAPK8;MAPK11;MAPK9;MAPK10;MAP2K3;MAP2K6;MAP2K7;CBX8;EP400;TNRC6C;RB1;RBBP4;RBBP7;RELA;RING1;RNF2;RPS6KA1;RPS6KA2;RPS6KA3;MAP2K4;ANAPC1;BMI1;ACD;HIST2H3D;SP1;STAT3;TERF1;TERF2;TFDP1;TFDP2;TP53;HIST2H2AA4;HIRA;TXN;UBE2D1;UBE2E1;MAPKAPK3;EHMT1;PHC3;HMGA2;HIST3H3;HIST1H4I;HIST1H2AJ;HIST1H2AC;HIST1H2AB;HIST2H2AA3;HIST2H2AC;HIST1H2BG;HIST1H2BL;HIST1H2BN;HIST1H2BM;HIST1H2BF;HIST1H2BE;HIST1H2BH;HIST1H2BI;HIST1H2BC;HIST1H2BO;HIST2H2BE;HIST1H3A;HIST1H3D;HIST1H3C;HIST1H3E;HIST1H3I;HIST1H3G;HIST1H3J;HIST1H3H;HIST1H3B;HIST1H4A;HIST1H4D;HIST1H4F;HIST1H4K;HIST1H4J;HIST1H4C;HIST1H4H;HIST1H4B;HIST1H4E;HIST1H4L;HIST2H4A;CBX2;HIST1H2BK;CBX4;MAPKAPK5;CDC23;EED;CDC16;CCNA2;CCNA1;HIST1H3F;HIST1H2BJ;CCNE1;CCNE2;MAPKAPK2;H2AFV;MAP4K4;CDC27
R-HSA-1257604	PIP3 activates AKT signaling	4.068e-13	4.072e-10	32	193	0.17	Signal Transduction	Intracellular signaling by second messengers	CDKN1A;CHD3;CHUK;CREB1;EGFR;CSNK2A1;AGO4;EGR1;ERBB2;PHLPP2;FYN;HDAC1;HDAC2;NR4A1;XIAP;IL1RAP;JUN;IRAK1;LCK;MYD88;NEDD4;PML;PTPN11;RAC1;RNF2;TP53;VAV1;USP7;TRAF6;PIP5K1B;IL1RL1;CD28	AKT3;COMMD3-BMI1;CDKN1A;CDKN1B;STUB1;RRAGB;LAMTOR5;RRAGA;NRG3;FRS2;WWP2;CHD3;CHD4;CHUK;THEM4;PIK3AP1;CREB1;ATF2;CSNK2A1;CSNK2A2;NRG4;CSNK2B;KLB;SLC38A9;HBEGF;PHC1;PHC2;AGO3;AGO4;EGF;EGFR;EGR1;ERBB2;ERBB3;ERBB4;EREG;AKT1;AKT2;ESR1;ESR2;MECOM;EZH2;FGF1;FGF2;FGF3;FGF4;FGF5;FGF6;FGF7;FGF8;FGF9;FGF10;FGFR1;FGFR3;FGFR2;FGFR4;SCMH1;PHLPP2;FOXO1;FOXO3;TNRC6B;PHLPP1;OTUD3;PIP5K1C;CBX6;SUZ12;MKRN1;FRK;MTOR;RICTOR;FYN;GAB1;EPGN;FGF20;AGO1;FGF22;AGO2;TNRC6A;LAMTOR2;ICOS;HDAC1;HDAC2;HGF;NRG1;NR4A1;XIAP;IL1RAP;INS;INSR;IRAK1;IRS1;JUN;AREG;KIT;LAMTOR4;RHOG;LCK;MDM2;MET;KITLG;FOXO4;MOV10;MYD88;NEDD4;TRAT1;IRAK4;PDGFA;PDGFB;PDGFRA;PDGFRB;PDPK1;PIK3CB;PIK3CD;PIK3R2;PIP4K2A;MBD3;PML;PPARG;GATAD2A;LAMTOR1;PPP2R5A;PPP2R5B;PPP2R5C;PPP2R5D;PPP2R5E;PRR5;SALL4;PTEN;CBX8;GATAD2B;MTA3;RPTOR;TNRC6C;TRIB3;PTPN11;RRAGD;RAC1;RAC2;RBBP4;RBBP7;TRIM27;RHEB;RING1;RNF2;RPS6KB2;MLST8;BMI1;SNAI2;SNAI1;STRN;BTC;TGFA;TP53;TRAF6;TSC2;VAV1;USP7;MAPKAP1;PIP4K2C;PHC3;PREX2;TNKS2;FGF23;RNF146;PIP5K1A;PIP5K1B;PIP4K2B;CASP9;MAF1;AKT1S1;CBX2;;PIK3R3;CBX4;LAMTOR3;TNKS;IRS2;EED;FGF18;FGF17;FGF16;IER3;USP13;IL33;MTA1;IL1RL1;MTA2;CD19;KL;CD28;CD80;CD86;NRG2;FGF19
R-HSA-2173795	Downregulation of SMAD2/3:SMAD4 transcriptional activity	4.807e-13	4.812e-10	8	18	0.44	Signal Transduction	Signaling by TGFB family members	PARP1;NEDD4L;HDAC1;SMAD2;SMAD3;SKI;UBE2D1;USP9X	PARP1;NEDD4L;HDAC1;SMAD2;SMAD3;SMAD4;TRIM33;PPM1A;TGIF2;SMURF2;SKI;SKIL;TGIF1;UBE2D1;UBE2D3;USP9X;NCOR1;NCOR2
R-HSA-2559582	Senescence-Associated Secretory Phenotype (SASP)	6.608e-13	6.615e-10	20	104	0.19	Cellular responses to stimuli	Cellular responses to stress	CDK2;CDKN1A;CEBPB;EHMT2;UBE2C;H3F3B;H2AFX;RPS6KA1;FOS;JUN;NFKB1;RELA;HIST2H3D;STAT3;UBE2D1;UBE2E1;HIST1H3B;HIST1H4C;CCNA2;CDC27	CDK2;CDK4;CDK6;CDKN1A;CDKN1B;H2BFS;CDKN2A;CDKN2B;CDKN2C;CDKN2D;ANAPC10;CEBPB;EHMT2;UBE2C;ANAPC16;HIST4H4;HIST2H3C;HIST3H2BB;FOS;CDC26;HIST1H2BA;ANAPC15;ANAPC2;ANAPC4;HIST1H2AE;HIST1H2AD;H2AFX;H2AFZ;HIST1H2BD;HIST1H2BB;H3F3A;H3F3B;HIST2H3A;IGFBP7;IL1A;IL6;CXCL8;JUN;H2AFB1;NFKB1;FZR1;ANAPC5;ANAPC7;ANAPC11;HIST2H4B;H2AFJ;MAPK7;RELA;RPS6KA1;RPS6KA2;RPS6KA3;ANAPC1;HIST2H3D;STAT3;HIST2H2AA4;UBE2D1;UBE2E1;EHMT1;HIST1H4I;HIST1H2AJ;HIST1H2AC;HIST1H2AB;HIST2H2AA3;HIST2H2AC;HIST1H2BG;HIST1H2BL;HIST1H2BN;HIST1H2BM;HIST1H2BF;HIST1H2BE;HIST1H2BH;HIST1H2BI;HIST1H2BC;HIST1H2BO;HIST2H2BE;HIST1H3A;HIST1H3D;HIST1H3C;HIST1H3E;HIST1H3I;HIST1H3G;HIST1H3J;HIST1H3H;HIST1H3B;HIST1H4A;HIST1H4D;HIST1H4F;HIST1H4K;HIST1H4J;HIST1H4C;HIST1H4H;HIST1H4B;HIST1H4E;HIST1H4L;HIST2H4A;HIST1H2BK;CDC23;CDC16;CCNA2;CCNA1;HIST1H3F;HIST1H2BJ;H2AFV;CDC27
R-HSA-168638	NOD1/2 Signaling Pathway	2.113e-12	2.115e-9	13	31	0.42	Immune System	Innate Immune System	CHUK;BIRC2;IKBKB;IRAK1;MAPK13;NOD2;TRAF6;UBE2N;CASP1;CASP4;CASP8;IKBKG;RIPK2	NOD1;TAB1;CHUK;MAPK14;CYLD;TAB2;TAB3;BIRC2;BIRC3;IKBKB;IRAK1;IRAK2;TMEM189-UBE2V1;MAPK11;MAPK13;MAP2K6;MAPK12;NOD2;MAP3K7;TNFAIP3;TRAF6;UBE2N;UBE2V1;CASP1;CASP2;CASP4;ITCH;CASP8;CASP9;IKBKG;RIPK2
R-HSA-9616222	Transcriptional regulation of granulopoiesis	6.153e-12	6.159e-9	9	14	0.64	Developmental Biology	Transcriptional regulation of granulopoiesis	CDK2;CDKN1A;CEBPA;EP300;PML;RARA;RXRA;SPI1;TFDP2	CDK2;CDK4;CDKN1A;CEBPA;E2F1;EP300;LEF1;PML;RARA;RXRA;SPI1;TFDP1;TFDP2;DEK
R-HSA-4420097	VEGFA-VEGFR2 Pathway	3.748e-11	3.752e-8	17	86	0.2	Signal Transduction	Signaling by Receptor Tyrosine Kinases	ABI1;BAIAP2;CRK;CTNNB1;AKT1;AKT2;FYN;HSP90AA1;NCF4;NOS3;PLCG1;MAPK13;ACTB;VAV1;BCAR1;RAC1;CDC42	AKT3;ABI1;CDH5;ABI2;WASF2;VAV3;BAIAP2;NCKAP1;WASF3;THEM4;CRK;MAPK14;CTNNA1;CTNNB1;CTNND1;CYBA;CYBB;DOCK1;AKT1;AKT2;PTK2B;CYFIP1;MTOR;RICTOR;FYN;SHC2;CYFIP2;NCKAP1L;HSPB1;HSP90AA1;ITGAV;ITGB3;JUP;KDR;RHOA;NCF2;NCF4;NCK1;NOS3;PAK1;PAK2;PAK3;PDPK1;PIK3CB;PIK3R2;PLCG1;PRR5;PRKACA;PRKACB;PRKACG;PRKCA;PRKCB;AXL;PRKCD;BRK1;PRKCZ;MAPK11;MAPK13;PTK2;TRIB3;PXN;RAC1;RASA1;ACTB;ROCK1;MAPK12;ELMO2;MLST8;SHB;NCF1;ACTG1;VAV1;VAV2;VEGFA;MAPKAPK3;MAPKAP1;NCK2;CAV1;SPHK1;WASF1;SH2D2A;MAPKAPK2;ROCK2;BCAR1;ELMO1;CDC42
R-HSA-8856825	Cargo recognition for clathrin-mediated endocytosis	1.323e-10	1.324e-7	16	101	0.16	Vesicle-mediated transport	Membrane Trafficking	CFTR;COPS6;COPS5;AP2M1;CLTC;ADRBK1;GRK2;AP2B1;EGFR;FCHO1;UBQLN2;IL7R;ARRB1;COPS7A;TFRC;STAM;HGS	STAM2;TGOLN2;CFTR;COPS8;COPS6;COPS5;STON1;CHRM2;FCHO2;AP2M1;AP2S1;CLTA;CLTB;CLTC;SYT2;SYT9;ADRB2;ADRBK1;GRK2;ADRBK2;GRK3;AP2A1;DAB2;AP2A2;AP2B1;HBEGF;AGTR1;DVL2;TOR1A;EGF;EGFR;EPS15;EREG;AAK1;EPN2;FCHO1;SYT11;EPGN;NECAP1;LDLRAP1;TOR1B;STON1-GTF2A1L;GPS1;EPN1;UBQLN2;UBQLN1;SLC2A8;SH3KBP1;AGFG1;APOB;IGF2R;IL7R;AREG;LDLR;LRP2;M6PR;ARRB1;ARRB2;NEDD8;ITSN2;COPS7A;COPS4;AVP;AVPR2;NECAP2;EPS15L1;ITSN1;SH3GL1;SH3GL2;SH3GL3;COPS7B;SLC18A3;VAMP2;VAMP7;BTC;SYT1;TACR1;TF;TFRC;TGFA;WNT5A;STAM;CLTCL1;PICALM;FZD4;SGIP1;REPS1;COPS3;STON2;CBL;VAMP8;VAMP4;SYT8;HGS;CD3D;CD3G;REPS2;CD4;COPS2;VAMP3;SCARB2;KIAA0319;SNAP91
R-HSA-380108	Chemokine receptors bind chemokines	3.047e-10	3.05e-7	8	48	0.17	Signal Transduction	Signaling by GPCR	CCR3;CCR5;CXCR1;CXCR2;PPBP;CX3CL1;CXCR5;CXCR4	CXCL13;CXCR6;CCR9;CCL27;CCR1;CCR3;CCR4;CCR5;CCR6;CCR7;CCR8;CX3CR1;CCR10;XCR1;CXCR3;CXCL1;CXCL2;CXCL3;CXCL8;CXCR1;CXCR2;CXCL10;CXCL9;ACKR4;PF4;PPBP;CCL28;ACKR3;CXCL16;CCL1;CCL5;CCL13;CCL16;CCL19;CCL20;CCL21;CCL25;CXCL6;CXCL11;CXCL5;XCL1;CX3CL1;CXCL12;CXCR5;XCL2;CCR2;CXCR4;CCRL2
R-HSA-6785807	Interleukin-4 and Interleukin-13 signaling	3.352e-10	3.355e-7	23	107	0.21	Immune System	Cytokine Signaling in Immune system	FN1;CDKN1A;AKT1;FOS;ALOX5;BIRC5;HSP90AA1;ICAM1;IL1B;IL13RA1;ITGAM;ITGAX;JAK2;MMP1;MYC;NOS2;BCL6;STAT1;TIMP1;TNF;STAT3;TP53;VIM	CDKN1A;CEBPD;BATF;IL17F;COL1A2;IL23R;S1PR1;AKT1;F13A1;FCER2;FGF2;FOXO1;FOXO3;FN1;FOS;ALOX5;ALOX15;GATA3;ANXA1;HGF;HIF1A;HMOX1;HSPA8;BIRC5;HSP90AA1;ICAM1;IL1A;IL1B;FASLG;IL2RG;IL4;IL4R;IL6;IL6R;CXCL8;IL10;IL12A;IL12B;IL13;IL13RA1;IL13RA2;IL17A;IL18;IRF4;ITGAM;ITGAX;ITGB1;ITGB2;JAK1;JAK2;JAK3;JUNB;LAMA5;LBP;LCN2;LIF;MAOA;MCL1;MMP1;MMP2;MMP3;MMP9;MUC1;MYC;NDN;NOS2;OPRD1;OPRM1;OSM;IL23A;PIM1;POMC;POU2F1;PTGS2;RHOU;CCND1;BCL2;BCL2L1;BCL6;RORA;RORC;SAA1;CCL2;CCL11;CCL22;FSCN1;SOX2;STAT1;STAT3;STAT6;ZEB1;TGFB1;TIMP1;TNF;TNFRSF1B;TP53;HSP90B1;TWIST1;TYK2;VCAM1;VEGFA;VIM;NANOG;SOCS1;SOCS3;CD36;SOCS5
R-HSA-388841	Costimulation by the CD28 family	5.636e-10	5.642e-7	15	62	0.24	Immune System	Adaptive Immune System	CTLA4;BTLA;AKT1;AKT2;FYN;LCK;LYN;PTPN6;PTPN11;RAC1;VAV1;TNFRSF14;CD3E;CD28;CDC42	AKT3;ICOSLG;;FP565260.3;THEM4;MAP3K8;CSK;CTLA4;BTLA;AKT1;AKT2;ICOSLG;MTOR;RICTOR;FYN;CD274;ICOS;HLA-DPA1;HLA-DPB1;HLA-DQA2;HLA-DQA1;HLA-DQA2;HLA-DQB1;HLA-DQB2;HLA-DRA;HLA-DRB1;HLA-DRB3;HLA-DRB4;CR788250.1;HLA-DRB5;LCK;LYN;PAK1;PAK2;PAK3;PDCD1;PDPK1;PIK3R2;PPP2R5A;PPP2R5B;PPP2R5C;PPP2R5D;PPP2R5E;PRR5;TRIB3;PTPN6;PTPN11;RAC1;MLST8;VAV1;YES1;MAPKAP1;PDCD1LG2;;PIK3R3;TNFRSF14;MAP3K14;CD3D;CD3E;CD3G;CD247;CD4;CD28;GRAP2;CD80;CD86;CDC42
R-HSA-1483166	Synthesis of PA	1.117e-9	1.118e-6	8	40	0.2	Metabolism	Metabolism of lipids	GPD1;GPD2;PLA2G1B;PLA2G2A;PLA2G4A;PLD1;AGPAT5;GPAM	JMJD7-PLA2G4B;PLA2G4B;AGPAT1;AGPAT2;GPAT4;LIPI;GPAT2;LIPH;PLD6;PLA2R1;GPD1L;DDHD2;ALPI;LCLAT1;LPCAT4;PLA2G2D;GPD1;GPD2;PLA2G4D;PLA2G2E;FAM73A;MIGA1;ACP6;PLA2G1B;PLA2G2A;PLA2G4A;PLA2G5;PLD1;PLD2;AGPAT5;AGPAT3;AGPAT4;GPAM;PLA2G2F;LPCAT1;DDHD1;PLA2G12A;PLA2G10;GNPAT;GPAT3;FAM73B;MIGA2;JMJD7-PLA2G4B
R-HSA-8878171	Transcriptional regulation by RUNX1	1.467e-8	1.468e-5	25	186	0.13	Gene expression (Transcription)	RNA Polymerase II Transcription	CREBBP;CSNK2A1;CTLA4;AGO4;RYBP;ABL1;SIN3A;AUTS2;EP300;GATA1;H2AFX;H3F3B;HDAC1;LGALS3;KMT2A;PML;ARID1B;GPAM;PTPN11;RNF2;HIST2H3D;TAL1;HIST1H3B;HIST1H4C;SETD1A	OCLN;COMMD3-BMI1;YAF2;CDK6;CDK7;H2BFS;MYL9;YAP1;WDR5;HIST4H4;HIST2H3C;HIST3H2BB;CR1;CREBBP;CSF2;CSNK2A1;CSNK2A2;CSNK2B;CTLA4;CTSK;CTSL;CTSV;ZFPM1;PHC1;PHC2;AGO3;AGO4;ARID2;ELF1;ELF2;KCTD6;EP300;ESR1;SCMH1;SETD1B;TNRC6B;SIN3B;RYBP;CBX6;ABL1;HIST1H2BA;SIN3A;AUTS2;GATA1;GATA2;GATA3;AGO1;AGO2;TNRC6A;GP1BA;HIPK2;HIST1H2AE;HIST1H2AD;H2AFX;H2AFZ;HIST1H2BD;HIST1H2BB;H3F3A;H3F3B;HDAC1;PRMT1;HIST2H3A;IFNG;IL2;IL2RA;IL3;ITGA2B;LGALS3;LIFR;LMO1;LMO2;KMT2A;MNAT1;MOV10;MYB;H2AFB1;NFATC2;NFE2;PAX5;FOXP3;ACTL6B;PF4;SERPINB13;PML;PRMT6;PBRM1;HIST2H4B;H2AFJ;PRKCB;PRKCQ;KMT2E;CBX8;ARID1B;GPAM;TNRC6C;PTPN11;KMT2C;RBBP5;CCND1;RING1;RNF2;BLK;AC270286.1;BMI1;HIST2H3D;SMARCA2;SMARCA4;SMARCB1;SMARCC1;SMARCC2;SMARCD1;SMARCD2;SMARCD3;SMARCE1;TAL1;TCF3;TCF12;THBS1;TJP1;CLDN5;TP73;HIST2H2AA4;PHC3;NR4A3;KMT2D;ARID1A;HIST1H4I;AXIN1;HIST1H2AJ;HIST1H2AC;HIST1H2AB;HIST2H2AA3;HIST2H2AC;HIST1H2BG;HIST1H2BL;HIST1H2BN;HIST1H2BM;HIST1H2BF;HIST1H2BE;HIST1H2BH;HIST1H2BI;HIST1H2BC;HIST1H2BO;HIST2H2BE;HIST1H3A;HIST1H3D;HIST1H3C;HIST1H3E;HIST1H3I;HIST1H3G;HIST1H3J;HIST1H3H;HIST1H3B;HIST1H4A;HIST1H4D;HIST1H4F;HIST1H4K;HIST1H4J;HIST1H4C;HIST1H4H;HIST1H4B;HIST1H4E;HIST1H4L;HIST2H4A;ITCH;PCGF5;DPY30;CBX2;RSPO3;HIST1H2BK;CBX4;ACTL6A;RUNX2;RUNX1;CBFB;TNFRSF18;KAT2B;LDB1;CCND2;CCND3;HIST1H3F;HIST1H2BJ;CCNH;ASH2L;H2AFV;SETD1A;KMT2B
R-HSA-2151201	Transcriptional activation of mitochondrial biogenesis	1.715e-8	1.717e-5	10	51	0.2	Organelle biogenesis and maintenance	Mitochondrial biogenesis	CREB1;CREBBP;SIRT5;SIRT3;GABPA;ATP5B;ATP5F1B;PPARA;RXRA;SOD2;HDAC3	CARM1;NCOA2;PPARGC1A;POLG2;PPARGC1B;CREB1;ATF2;CREBBP;CRTC2;ESRRA;ALAS1;NCOA6;PPRC1;CRTC1;SIRT5;SIRT4;SIRT3;GABPA;GABPB1;GLUD1;GLUD2;HCFC1;IDH2;MEF2C;MEF2D;NRF1;ATP5B;ATP5F1B;TFB1M;CYCS;POLRMT;PPARA;MED1;ACSS2;C10orf2;TWNK;RXRA;TFB2M;CRTC3;SMARCD3;SOD2;SSBP1;TBL1X;TFAM;TBL1XR1;MTERF1;CHD9;HELZ2;NCOA1;HDAC3;NR1D1;NCOR1;TGS1
R-HSA-76002	Platelet activation, signaling and aggregation	1.797e-8	1.799e-5	36	243	0.15	Hemostasis	Platelet activation, signaling and aggregation	CLU;CRK;DGKA;ECM1;AKT1;ALB;FGG;FN1;FYN;LAT;GNAQ;APOA1;GNAI2;APP;ITPR1;LYN;LCK;ARRB1;SERPINA1;PLA2G4A;APBB1IP;PPBP;SRGN;PRKCH;QSOX1;PTPN6;PTPN11;RAC1;SHC1;SYK;TIMP1;VCL;YWHAZ;VAV1;BCAR1;CDC42	A1BG;RASGRP1;LHFPL2;RASGRP2;ABCC4;RAPGEF3;FAM3C;VAV3;VTI1B;PDPN;GNA13;GNB5;MAGED2;RAPGEF4;MGLL;CLU;;SERPINA3;COL1A1;COL1A2;CD109;DGKK;APOOL;CRK;MAPK14;CSK;PIK3R6;ADRA2A;ADRA2B;ADRA2C;CTSW;DGKA;DGKB;DGKG;DGKH;DGKQ;CFD;ECM1;EGF;AHSG;A2M;AKT1;ALB;F2;F2R;F2RL2;F5;F8;F13A1;FCER1G;DAGLB;FGA;FGB;ALDOA;AC093512.2;FGG;FIGF;VEGFD;MMRN1;HABP4;ENDOD1;FLNA;FN1;PIK3R5;FYN;LY6G6F;ABHD12;GAS6;LAT;BRPF3;GNA11;GNA12;GNA15;GNAI1;GNAI2;GNAI3;GNAQ;GNB1;GNB2;GNB3;GNG3;GNG4;GNG5;GNG7;GNG10;GNG11;GNGT1;GNGT2;GP1BA;GP1BB;GP5;GP9;SCG3;OLA1;ANXA5;HGF;HRG;APLP2;APOA1;GNAT3;IGF1;IGF2;APOH;APP;ISLR;ITGA2B;ITGB3;ITIH3;ITIH4;ITPR1;ITPR2;ITPR3;NHLRC2;KNG1;RHOA;RHOB;RHOG;LAMP2;LCK;LCP2;LGALS3BP;LYN;ARRB1;ARRB2;ORM1;ORM2;P2RY1;SERPINE1;PCDH7;SCCPDH;GP6;CLEC1B;TEX264;PDGFA;PDGFB;FAM49B;PDPK1;CYB5R1;PECAM1;GNG13;PF4;SERPINA1;SERPINA4;PIK3CB;PIK3CG;PIK3R2;PLA2G4A;PLCG2;PLG;PLEK;SERPINF2;GNG2;TMX3;APBB1IP;GTPBP2;PPBP;TOR4A;SRGN;CDC37L1;PRKCA;PRKCB;PRKCD;PRKCE;PRKCG;PRKCH;PRKCQ;GNG12;PROS1;PSAP;TRPC7;ABHD6;PTK2;QSOX1;PTPN1;PTPN6;PTPN11;RAB27B;RAC1;RAC2;RAF1;RAP1A;RAP1B;RARRES2;GNB4;SELP;SEPP1;SELENOP;SHC1;P2RY12;CHID1;SOD1;SPARC;SPP2;STX4;STXBP2;STXBP3;SYK;TBXA2R;TF;TGFB1;TGFB2;TGFB3;LEFTY2;THBS1;TIMP1;TIMP3;TLN1;SERPING1;TMSB4X;CLEC3B;TRPC3;TRPC6;TTN;TUBA4A;VAV1;VAV2;VCL;VEGFA;VEGFB;VEGFC;VWF;DAGLA;YWHAZ;MANF;PCYOX1L;C6orf25;MPIG6B;ACTN4;FERMT3;TAGLN2;;PIK3R3;DGKZ;DGKE;DGKD;ACTN1;ACTN2;F2RL3;DGKI;CD9;SYTL4;GNG8;CD36;BCAR1;GNA14;CD63;PHACTR2;WDR1;CDC42
R-HSA-199418	Negative regulation of the PI3K/AKT network	2.674e-8	2.677e-5	17	100	0.17	Signal Transduction	Intracellular signaling by second messengers	EGFR;ERBB2;AKT1;AKT2;PHLPP2;FYN;IL1RAP;IRAK1;LCK;MYD88;PTPN11;RAC1;TRAF6;VAV1;PIP5K1B;IL1RL1;CD28	AKT3;NRG3;FRS2;THEM4;PIK3AP1;NRG4;KLB;HBEGF;EGF;EGFR;ERBB2;ERBB3;ERBB4;EREG;AKT1;AKT2;ESR1;ESR2;FGF1;FGF2;FGF3;FGF4;FGF5;FGF6;FGF7;FGF8;FGF9;FGF10;FGFR1;FGFR3;FGFR2;FGFR4;PHLPP2;PHLPP1;PIP5K1C;FYN;GAB1;EPGN;FGF20;FGF22;ICOS;HGF;NRG1;IL1RAP;INS;INSR;IRAK1;IRS1;AREG;KIT;RHOG;LCK;MET;KITLG;MYD88;TRAT1;IRAK4;PDGFA;PDGFB;PDGFRA;PDGFRB;PIK3CB;PIK3CD;PIK3R2;PIP4K2A;PPP2R5A;PPP2R5B;PPP2R5C;PPP2R5D;PPP2R5E;PTEN;TRIB3;PTPN11;RAC1;RAC2;STRN;BTC;TGFA;TRAF6;VAV1;PIP4K2C;FGF23;PIP5K1A;PIP5K1B;PIP4K2B;;PIK3R3;IRS2;FGF18;FGF17;FGF16;IER3;IL33;IL1RL1;CD19;KL;CD28;CD80;CD86;NRG2;FGF19
R-HSA-68877	Mitotic Prometaphase	2.736e-7	2.739e-4	23	196	0.12	Cell Cycle	Cell Cycle, Mitotic	SMC4;STAG1;NDC80;CENPF;KIF2C;CSNK2A1;DCTN1;NINL;BIRC5;HSP90AA1;HDAC8;RAD21;NCAPG;YWHAE;YWHAG;BUB1;TUBB2A;TUBA1A;CCNB1;SMC3;CCNB2;CDK1;CDC20	SMC4;APITD1-CORT;CENPS-CORT;PMF1-BGLAP;ACTR1A;AKAP9;STAG1;CSNK1E;TPTEP2-CSNK1E;TUBA1B;TUBB3;TUBB4A;TUBB4B;NDC80;TUBGCP3;DCTN2;CENPA;SMC2;CENPC;CENPE;CENPF;CETN2;NUDC;PLK4;STAG2;SDCCAG8;TUBGCP2;KIF2C;CNTRL;FGFR1OP;ZWINT;CEP250;PMF1;DCTN3;TUBA3E;CDCA5;TUBA3D;TUBGCP5;HAUS1;NEDD1;DYNLL2;CSNK1D;CSNK1E;CSNK2A1;CSNK2A2;CSNK2B;SPC24;SGOL2;SGO2;SGOL1;SGO1;DCTN1;DYNC1H1;DYNC1I1;DYNC1I2;DYNC1LI2;TUBB;SKA1;CEP164;MAPRE1;NINL;CEP131;CEP152;PDS5B;WAPL;CLASP2;PDS5A;NUP160;CLASP1;HAUS5;NCAPH;ITGB3BP;CENPI;AHCTF1;NSL1;TUBG2;TUBGCP4;NME7;BIRC5;HSP90AA1;TUBB8;TUBB2B;SKA2;NUP43;INCENP;APITD1;CENPS;KIF2A;CENPP;MAD2L1;MZT1;NEK2;NUMA1;NUP98;ODF2;PAFAH1B1;PCM1;DYNC1LI1;PCNT;TUBA8;PLK1;HAUS6;NDE1;ERCC6L;SPDL1;HAUS4;PPP1CC;ZWILCH;CEP192;HAUS2;CDCA8;CENPQ;PPP2R5A;PPP2R5B;PPP2R5C;PPP2R5D;PPP2R5E;HAUS7;PRKACA;CEP72;NUP133;CDK5RAP2;PRKAR2B;CENPJ;CENPN;HDAC8;RCC2;CASC5;KNL1;NUP107;SPC25;TAOK1;RAD21;RANBP2;RANGAP1;RPS27;RPS27L;CLIP1;SEC13;CENPK;NCAPG;CENPH;MZT2A;BUB1;BUB1B;TUBA4A;TUBA3C;TUBB2A;TUBG1;XPO1;YWHAE;YWHAG;ALMS1;TUBA1A;MIS12;CENPM;NUP37;CENPO;HAUS3;CENPU;TUBAL3;NUP85;CEP76;DSN1;MZT2B;CENPT;CEP290;CEP63;CEP70;B9D2;TUBB1;NDEL1;SEH1L;KIF18A;SMC1A;NUF2;MAD1L1;CEP78;TUBB6;KIF2B;TUBA1C;OFD1;TUBGCP6;SSNA1;DYNLL1;CCNB1;SMC3;CCNB2;CENPL;ZW10;BUB3;AURKB;HAUS8;CEP41;CEP135;CEP57;KNTC1;CCP110;CKAP5;SFI1;CDK1;CDC20;NCAPD2
R-HSA-4090294	SUMOylation of intracellular receptors	2.865e-7	2.868e-4	7	27	0.26	Metabolism of proteins	Post-translational protein modification	NR5A1;NR3C1;PPARA;RARA;RXRA;SUMO2;HDAC4	NR1H3;PIAS3;ESR1;NR5A2;NR5A1;NR3C1;AR;NR3C2;PIAS4;PGR;PPARA;RARA;RORA;RXRA;SUMO3;SUMO2;THRA;THRB;UBE2I;SUMO1;NR1H2;VDR;PIAS1;NR1I2;PIAS2;HDAC4;NR1H4
R-HSA-5663220	RHO GTPases Activate Formins	3.246e-7	3.249e-4	14	135	0.1	Signal Transduction	Signaling by Rho GTPases, Miro GTPases and RHOBTB3	NDC80;CENPF;KIF2C;DIAPH1;BIRC5;EVL;RAC1;ACTB;BUB1;TUBB2A;FMNL1;CDC20;TUBA1A;CDC42	APITD1-CORT;CENPS-CORT;PMF1-BGLAP;TUBA1B;TUBB3;TUBB4A;TUBB4B;NDC80;CENPA;CENPC;CENPE;CENPF;NUDC;KIF2C;ZWINT;PMF1;TUBA3E;TUBA3D;FMNL2;DYNLL2;SPC24;SGOL2;SGO2;SGOL1;SGO1;DIAPH1;DIAPH2;DYNC1H1;DYNC1I1;DYNC1I2;DYNC1LI2;DVL1;DVL2;DVL3;SKA1;MAPRE1;DAAM1;CLASP2;NUP160;CLASP1;SRGAP2;ITGB3BP;CENPI;AHCTF1;NSL1;SCAI;RHOD;BIRC5;TUBB8;TUBB2B;SKA2;NUP43;INCENP;ITGB1;APITD1;CENPS;KIF2A;RHOA;RHOB;RHOC;CENPP;MAD2L1;NUP98;PAFAH1B1;DYNC1LI1;EVL;TUBA8;PFN1;PFN2;PLK1;NDE1;ERCC6L;SPDL1;PPP1CC;ZWILCH;CDCA8;CENPQ;PPP2R5A;PPP2R5B;PPP2R5C;PPP2R5D;PPP2R5E;NUP133;CENPN;RCC2;CASC5;KNL1;NUP107;SPC25;TAOK1;MKL1;RAC1;RANBP2;RANGAP1;ACTB;RPS27;RPS27L;CLIP1;SEC13;CENPK;CENPH;SRF;BUB1;BUB1B;ACTG1;TUBA4A;TUBA3C;TUBB2A;XPO1;FMNL1;TUBA1A;MIS12;CENPM;NUP37;CENPO;CENPU;TUBAL3;NUP85;DSN1;CENPT;B9D2;TUBB1;NDEL1;DIAPH3;SEH1L;KIF18A;NUF2;MAD1L1;TUBB6;KIF2B;TUBA1C;DYNLL1;FMNL3;CENPL;ZW10;BUB3;AURKB;KNTC1;CKAP5;CDC20;CDC42
R-HSA-6806003	Regulation of TP53 Expression and Degradation	6.28e-7	6.286e-4	9	29	0.31	Gene expression (Transcription)	RNA Polymerase II Transcription	CDK2;AKT1;AKT2;PRDM1;SGK1;TP53;USP7;CCNA2;CDK1	AKT3;CDK2;CDKN2A;CHEK2;RFFL;DAXX;AKT1;AKT2;MTOR;RICTOR;MDM2;MDM4;ATM;PHF20;PDPK1;PPP2R5C;PRR5;PRDM1;MLST8;SGK1;TP53;USP7;MAPKAP1;RNF34;CCNA2;CCNA1;CCNG1;USP2;CDK1
R-HSA-1483206	Glycerophospholipid biosynthesis	8.698e-7	8.707e-4	17	123	0.14	Metabolism	Metabolism of lipids	PLA2G16;CHKA;CSNK2A1;LPIN1;GPD1;GPD2;PCYT1A;PLA2G1B;PLA2G2A;PLA2G4A;PLD1;AGPAT5;GPAM;PCYT2;MBOAT7;PLBD1;PTDSS1	JMJD7-PLA2G4B;PLA2G4B;LPCAT3;CEPT1;CDS1;PEMT;CDIPT;AGPAT1;AGPAT2;STARD10;CHAT;PLA2G16;CHKA;CHKB;MGLL;OSBPL5;OSBPL8;OSBPL10;HRASLS5;PLA2G4E;SLC44A3;MBOAT2;GPAT4;CSNK2A1;CSNK2A2;CSNK2B;LIPI;GPAT2;PLB1;MBOAT1;AWAT2;PHOSPHO1;ABHD3;LIPH;PLD6;SLC44A5;PLA2R1;GPD1L;LPIN1;DDHD2;SLC44A1;PLA2G15;PITPNB;ALPI;LCLAT1;LPCAT4;TMEM86B;PLA2G4F;PLA2G2D;CPNE7;GPD1;GPD2;PLA2G4D;HADHA;HADHB;PLA2G2E;DGAT2L6;FAM73A;MIGA1;ACHE;PLA2G3;PNPLA8;ACP6;PCYT1A;PLA1A;PLA2G1B;PLA2G2A;PLA2G4A;PLA2G5;PLD1;PLD2;CRLS1;LPCAT2;HRASLS2;ETNK2;AGPAT5;ETNK1;AGK;AGPAT3;AGPAT4;STARD7;CHPT1;PNPLA2;HRASLS;SLC44A2;PITPNM2;GPAM;PCYT2;PCTP;BCHE;RARRES3;ABHD4;PLA2G2F;ETNPPL;LPIN3;TAZ;MBOAT7;PLBD1;LPCAT1;PNPLA3;SLC44A4;DDHD1;PTDSS2;PLA2G12A;PITPNM3;PLA2G6;PLA2G10;GNPAT;DGAT2;GPAT3;MFSD2A;FAM73B;MIGA2;EPT1;SELENOI;PLA2G4C;JMJD7-PLA2G4B;DGAT1;CDS2;CPNE3;CPNE1;CPNE6;PCYT1B;PITPNM1;LPIN2;PTDSS1;LPGAT1
